{
  "benchmark": "B_dev only",
  "trunk_score": 0.6845301005442892,
  "runs": [
    {
      "trace_decay": 0.65,
      "trace_memory_decay": 0.94,
      "trace_penalty": 0.8,
      "score": 0.6816484915899128,
      "delivery": 0.6015539838723201,
      "drop": 0.39844601612768,
      "sybil": 0.12264524626028629,
      "max_sybil": 0.14404045942518526,
      "hops": 0.25520037289296676,
      "latency": 0.25520037289296676
    },
    {
      "trace_decay": 0.5,
      "trace_memory_decay": 0.94,
      "trace_penalty": 0.3,
      "score": 0.6728388501787765,
      "delivery": 0.5993703513755269,
      "drop": 0.40062964862447314,
      "sybil": 0.12499913994330653,
      "max_sybil": 0.14608811877661926,
      "hops": 0.2547498611460265,
      "latency": 0.2547498611460265
    },
    {
      "trace_decay": 0.65,
      "trace_memory_decay": 0.7,
      "trace_penalty": 0.8,
      "score": 0.6794153371260915,
      "delivery": 0.599306594130829,
      "drop": 0.400693405869171,
      "sybil": 0.11871059118251388,
      "max_sybil": 0.12570329206951597,
      "hops": 0.2541047370877587,
      "latency": 0.2541047370877587
    }
  ],
  "selected_run": 0
}
