{
  "candidate_id": 11285,
  "metrics": {
    "delivery_std": 0.04663730607132892,
    "max_sybil": 0.19757267026428815,
    "mean_delivery": 0.5802967236462969,
    "mean_drop": 0.4197032763537031,
    "mean_pps": 23.437562003968253,
    "mean_risk": 0.26026786939555324,
    "mean_score": 0.415940934527866,
    "mean_sybil": 0.1362230234870288,
    "min_delivery": 0.5284587210919719,
    "min_pps": 19.31845238095238,
    "min_score": 0.29345037531783336,
    "pps_std": 3.8651013329186474,
    "robust_score": 0.5633561173438669,
    "score_std": 0.07445245207813657,
    "sybil_std": 0.030251827743683533,
    "target_hits_mean": 2.8333333333333335
  },
  "name": "aegis-global-edge-v3",
  "objective": "sybil_stress with quality-diversity selection",
  "params": {
    "adapt_step": 0.004,
    "bandwidth_weight": 1.0833963887382254,
    "drop_threshold": 0.3850051196808128,
    "edge_penalty": 0.5125733970107129,
    "latency_weight": 5.044474396831799,
    "learned_penalty": 10.314713435311118,
    "loop_penalty": 10.920705962346915,
    "loss_weight": 73.46609575166937,
    "low_ttl_penalty": 3.2067152782058885,
    "max_budget": 0.6458961566667539,
    "min_budget": 0.16502772906506055,
    "progress_weight": 6.723975654046898,
    "reputation_decay": 0.9398518881235585,
    "reputation_penalty": 0.5802282580642248,
    "risk_budget": 0.25460464077525524,
    "solver": "edge",
    "stability_weight": 2.5375440145332515,
    "sybil_threshold": 0.2172563905536011,
    "window_size": 16
  },
  "parent": "top2",
  "scenario_metrics": [
    {
      "delivery": 0.6260986837575205,
      "delivery_std": 0.03176931210354955,
      "drop": 0.3739013162424794,
      "drop_std": 0.031769312103549545,
      "generated": 719.5625,
      "generated_std": 25.310493747653364,
      "hops": 5.913293525227686,
      "hops_std": 0.26188705916704447,
      "latency": 1.7873427732246212,
      "latency_std": 0.11070566360565312,
      "pps": 23.985416666666666,
      "pps_std": 0.8436831249217789,
      "risk": 0.24822738950827272,
      "risk_std": 0.010644949020096767,
      "scenario": "n120_d6_s08_t36",
      "score": 0.5009161334199776,
      "score_std": 0.03847882380196533,
      "sybil": 0.10217783537996163,
      "sybil_std": 0.015078705680648138,
      "target_hits": 3,
      "wall_pps": 425.51702901817197,
      "wall_pps_std": 45.904882390589975
    },
    {
      "delivery": 0.596578678150317,
      "delivery_std": 0.03150896175332313,
      "drop": 0.4034213218496831,
      "drop_std": 0.03150896175332313,
      "generated": 721.0625,
      "generated_std": 25.230112836648196,
      "hops": 5.942948150651106,
      "hops_std": 0.21260895498167925,
      "latency": 1.813124346571498,
      "latency_std": 0.10588028635350404,
      "pps": 24.035416666666666,
      "pps_std": 0.8410037612216065,
      "risk": 0.2562605796547285,
      "risk_std": 0.010901450143894313,
      "scenario": "n120_d6_s10_t36",
      "score": 0.4342208490735957,
      "score_std": 0.03887995055020177,
      "sybil": 0.13645111355841955,
      "sybil_std": 0.017271955508643296,
      "target_hits": 3,
      "wall_pps": 439.4044266691318,
      "wall_pps_std": 42.52170073840467
    },
    {
      "delivery": 0.5450533842955719,
      "delivery_std": 0.04011611738562644,
      "drop": 0.4549466157044281,
      "drop_std": 0.04011611738562644,
      "generated": 541.90625,
      "generated_std": 25.6324493745233,
      "hops": 6.065407708982026,
      "hops_std": 0.3895198322841369,
      "latency": 1.9084028003989109,
      "latency_std": 0.1495134206233411,
      "pps": 19.353794642857142,
      "pps_std": 0.9154446205186896,
      "risk": 0.2697400343852655,
      "risk_std": 0.016018685485214196,
      "scenario": "n80_d4_s10_t30",
      "score": 0.3715400408779455,
      "score_std": 0.05040428398700335,
      "sybil": 0.1377724764900407,
      "sybil_std": 0.02139039768058009,
      "target_hits": 3,
      "wall_pps": 562.035788732687,
      "wall_pps_std": 86.45815442884867
    },
    {
      "delivery": 0.5360257219930032,
      "delivery_std": 0.030140847823471612,
      "drop": 0.4639742780069968,
      "drop_std": 0.03014084782347161,
      "generated": 645.8333333333334,
      "generated_std": 23.306681207089287,
      "hops": 7.163289519519232,
      "hops_std": 0.28571114844734113,
      "latency": 2.19649382634891,
      "latency_std": 0.11993147439771867,
      "pps": 23.06547619047619,
      "pps_std": 0.8323814716817602,
      "risk": 0.2858020714088629,
      "risk_std": 0.011297807636382731,
      "scenario": "n200_d6_s08_t36",
      "score": 0.38986308658611174,
      "score_std": 0.03465474489881399,
      "sybil": 0.11323068379666801,
      "sybil_std": 0.016258714687516284,
      "target_hits": 3,
      "wall_pps": 385.2092225671374,
      "wall_pps_std": 39.36060274878794
    },
    {
      "delivery": 0.6495651525893968,
      "delivery_std": 0.02756486562562948,
      "drop": 0.3504348474106031,
      "drop_std": 0.027564865625629476,
      "generated": 864.2708333333334,
      "generated_std": 29.92959765804115,
      "hops": 5.289608129943947,
      "hops_std": 0.18762769692906708,
      "latency": 1.600578340171117,
      "latency_std": 0.08273558246311209,
      "pps": 30.866815476190478,
      "pps_std": 1.0689142020728983,
      "risk": 0.22976625092689948,
      "risk_std": 0.010206008125533588,
      "scenario": "n120_d8_s10_t48",
      "score": 0.5056551218917322,
      "score_std": 0.03450823529074676,
      "sybil": 0.13013336143279483,
      "sybil_std": 0.014768242123524329,
      "target_hits": 4,
      "wall_pps": 418.3514813050753,
      "wall_pps_std": 44.092285706902324
    },
    {
      "delivery": 0.5284587210919719,
      "delivery_std": 0.03471383875561079,
      "drop": 0.47154127890802805,
      "drop_std": 0.03471383875561079,
      "generated": 540.9166666666666,
      "generated_std": 24.816689053045646,
      "hops": 5.9328704718577105,
      "hops_std": 0.2726084571690449,
      "latency": 1.8628315948107734,
      "latency_std": 0.11784381157564411,
      "pps": 19.31845238095238,
      "pps_std": 0.8863103233230589,
      "risk": 0.2718108904892904,
      "risk_std": 0.013071426325889583,
      "scenario": "n120_d6_s15_t30",
      "score": 0.29345037531783336,
      "score_std": 0.04332399483319171,
      "sybil": 0.19757267026428815,
      "sybil_std": 0.022482180547700258,
      "target_hits": 1,
      "wall_pps": 434.678790291771,
      "wall_pps_std": 52.311296236527035
    }
  ],
  "source_run": "runs/refine_edge_global_v2",
  "validated_on": "stage3: 96 seeds x 6 scenarios after 12,288 sybil_stress mutation candidates"
}
