{
  "candidate_id": 5437,
  "metrics": {
    "delivery_std": 0.04517439319171003,
    "max_sybil": 0.2180769719177261,
    "mean_delivery": 0.5960329617875886,
    "mean_drop": 0.4039670382124114,
    "mean_pps": 23.411334325396826,
    "mean_risk": 0.26815541063468884,
    "mean_score": 0.41803296839612836,
    "mean_sybil": 0.15141462389561589,
    "min_delivery": 0.5444712864079427,
    "min_pps": 19.25267857142857,
    "min_score": 0.2904941217024395,
    "pps_std": 3.891501599096692,
    "robust_score": 0.5095787838498411,
    "score_std": 0.07450775706256327,
    "sybil_std": 0.03261029542895318,
    "target_hits_mean": 3.0
  },
  "name": "aegis-global-edge-v2",
  "objective": "robust_score = mean_score - 0.35*score_std + 0.25*min_score + 0.015*mean_target_hits",
  "params": {
    "adapt_step": 0.009933857351700494,
    "bandwidth_weight": 0.8925695382216338,
    "drop_threshold": 0.3542690662239254,
    "edge_penalty": 0.693972559052936,
    "latency_weight": 5.591050719825467,
    "learned_penalty": 10.83954174026949,
    "loop_penalty": 11.138509568563412,
    "loss_weight": 53.44067706981766,
    "low_ttl_penalty": 3.7509862111949195,
    "max_budget": 0.6529486035745646,
    "min_budget": 0.06765434232251827,
    "progress_weight": 6.62606687710675,
    "reputation_decay": 0.7781562604495869,
    "reputation_penalty": 1.0761666320530312,
    "risk_budget": 0.17813800569591307,
    "solver": "edge",
    "stability_weight": 1.346996279275258,
    "sybil_threshold": 0.26043734956038384,
    "window_size": 32
  },
  "parent": "base",
  "scenario_metrics": [
    {
      "delivery": 0.6421177371169576,
      "delivery_std": 0.026575692305061144,
      "drop": 0.3578822628830424,
      "drop_std": 0.026575692305061144,
      "generated": 718.5,
      "generated_std": 24.809776298870574,
      "hops": 5.7847211611289096,
      "hops_std": 0.222801172909388,
      "latency": 1.7486557524718014,
      "latency_std": 0.0903368573752337,
      "pps": 23.95,
      "pps_std": 0.826992543295686,
      "risk": 0.25329401336239504,
      "risk_std": 0.012090335809588841,
      "scenario": "n120_d6_s08_t36",
      "score": 0.5045914694995234,
      "score_std": 0.035019191894417746,
      "sybil": 0.11608804132912993,
      "sybil_std": 0.01687660815057113,
      "target_hits": 4,
      "wall_pps": 447.8293449820928,
      "wall_pps_std": 49.95969908040076
    },
    {
      "delivery": 0.6083126255477982,
      "delivery_std": 0.028088310539774394,
      "drop": 0.39168737445220175,
      "drop_std": 0.028088310539774397,
      "generated": 720.6875,
      "generated_std": 26.441252688743777,
      "hops": 5.817113978580601,
      "hops_std": 0.2834136158254306,
      "latency": 1.7816285153691862,
      "latency_std": 0.10984641580488445,
      "pps": 24.022916666666667,
      "pps_std": 0.8813750896247925,
      "risk": 0.2616390805354841,
      "risk_std": 0.00960989277866249,
      "scenario": "n120_d6_s10_t36",
      "score": 0.4311950759384374,
      "score_std": 0.035325351771060734,
      "sybil": 0.1523717288308073,
      "sybil_std": 0.015885517955588194,
      "target_hits": 3,
      "wall_pps": 449.6636628272492,
      "wall_pps_std": 38.90676975602832
    },
    {
      "delivery": 0.5690039960119115,
      "delivery_std": 0.033156951959596156,
      "drop": 0.4309960039880885,
      "drop_std": 0.033156951959596156,
      "generated": 539.825,
      "generated_std": 26.146115868327364,
      "hops": 5.964594425036317,
      "hops_std": 0.3739083600638154,
      "latency": 1.884556104061821,
      "latency_std": 0.1608109560536727,
      "pps": 19.279464285714287,
      "pps_std": 0.933789852440263,
      "risk": 0.27648328632172825,
      "risk_std": 0.014058747507766136,
      "scenario": "n80_d4_s10_t30",
      "score": 0.3846158116179608,
      "score_std": 0.04045387648425143,
      "sybil": 0.15096804828085614,
      "sybil_std": 0.020004838460168223,
      "target_hits": 3,
      "wall_pps": 590.0427646722266,
      "wall_pps_std": 71.23566922412918
    },
    {
      "delivery": 0.5496835214396822,
      "delivery_std": 0.028941209554220273,
      "drop": 0.45031647856031776,
      "drop_std": 0.028941209554220273,
      "generated": 646.425,
      "generated_std": 28.825672151746957,
      "hops": 7.051254234325715,
      "hops_std": 0.30743648732206663,
      "latency": 2.1408169401676567,
      "latency_std": 0.11639673980106074,
      "pps": 23.086607142857144,
      "pps_std": 1.02948829113382,
      "risk": 0.2958867324467217,
      "risk_std": 0.010769299214767027,
      "scenario": "n200_d6_s08_t36",
      "score": 0.3921481463348852,
      "score_std": 0.0370237050690891,
      "sybil": 0.12599033439162238,
      "sybil_std": 0.01564296564479447,
      "target_hits": 3,
      "wall_pps": 403.6217122571293,
      "wall_pps_std": 39.45289916181809
    },
    {
      "delivery": 0.662608604201239,
      "delivery_std": 0.02588345628875221,
      "drop": 0.337391395798761,
      "drop_std": 0.025883456288752195,
      "generated": 864.5375,
      "generated_std": 27.698350018548037,
      "hops": 5.119193618177285,
      "hops_std": 0.19512032448654978,
      "latency": 1.545988491984829,
      "latency_std": 0.07286910604665324,
      "pps": 30.876339285714284,
      "pps_std": 0.9892267863767154,
      "risk": 0.23708119795542526,
      "risk_std": 0.011447267765137022,
      "scenario": "n120_d8_s10_t48",
      "score": 0.5051531852835237,
      "score_std": 0.03348589221207974,
      "sybil": 0.14499261862355345,
      "sybil_std": 0.017187084706193952,
      "target_hits": 4,
      "wall_pps": 454.82911148941434,
      "wall_pps_std": 39.28206578642864
    },
    {
      "delivery": 0.5444712864079427,
      "delivery_std": 0.03285041114623253,
      "drop": 0.45552871359205727,
      "drop_std": 0.032850411146232536,
      "generated": 539.075,
      "generated_std": 23.508389459935362,
      "hops": 5.79048132211965,
      "hops_std": 0.23439803039516383,
      "latency": 1.8348991058843083,
      "latency_std": 0.10945654401294622,
      "pps": 19.25267857142857,
      "pps_std": 0.8395853378548345,
      "risk": 0.28454815318637866,
      "risk_std": 0.0131645526265732,
      "scenario": "n120_d6_s15_t30",
      "score": 0.2904941217024395,
      "score_std": 0.04322776446917927,
      "sybil": 0.2180769719177261,
      "sybil_std": 0.02215514540003168,
      "target_hits": 1,
      "wall_pps": 460.7601637410273,
      "wall_pps_std": 57.505828043089075
    }
  ],
  "source_run": "runs/refine_edge_global_v1",
  "validated_on": "stage3: 80 seeds x 6 scenarios after 8,192 mutation candidates"
}
