{
  "environment": {
    "degree": 6,
    "drain": 12,
    "eval_duration": 24,
    "eval_traffic_rate": 36,
    "learn_runs": 12,
    "nodes": 120,
    "queue_service_time": 0.012,
    "sybil_extra_drop": 0.1,
    "sybil_ratio": 0.08,
    "train_duration": 24,
    "train_traffic_rate": 32,
    "ttl": 26
  },
  "metrics": {
    "delivery": 0.6609521679901167,
    "delivery_std": 0.024288231317769943,
    "drop": 0.33904783200988325,
    "drop_std": 0.02428823131776995,
    "hops": 5.418188522714196,
    "hops_std": 0.19989133325864772,
    "latency": 1.6800934769924565,
    "latency_std": 0.08552882112536364,
    "pps": 24.139166666666668,
    "pps_std": 0.8305926691819316,
    "risk": 0.25719588771537005,
    "risk_std": 0.01128431557756144,
    "score": 0.5016825098596911,
    "score_std": 0.0359461251947402,
    "sybil": 0.13990404159610398,
    "sybil_std": 0.018802483088031355
  },
  "name": "aegis-prod-edge-v1",
  "params": {
    "adapt_step": 0.010204244463024276,
    "bandwidth_weight": 0.8649147245855077,
    "drop_threshold": 0.4024939773452399,
    "edge_penalty": 0.9426328530110251,
    "latency_weight": 3.989544326491113,
    "learned_penalty": 11.39313901657422,
    "loop_penalty": 13.778482123149029,
    "loss_weight": 41.735606649808666,
    "low_ttl_penalty": 3.980265305724756,
    "max_budget": 0.6381638365997522,
    "min_budget": 0.08271301843548931,
    "progress_weight": 8.168483995886461,
    "reputation_decay": 0.7800973795086404,
    "reputation_penalty": 1.5764732991373933,
    "risk_budget": 0.1793488993395137,
    "solver": "edge",
    "stability_weight": 1.4540034315719663,
    "sybil_threshold": 0.22346466584821906,
    "window_size": 32
  },
  "source_run": "runs/heavy_score_max",
  "validated_on": "100 seeds after 16,384-candidate search"
}
