{
  "delivery": 0.5920059355292673,
  "delivery_std": 0.04904873600859936,
  "drop": 0.4079940644707328,
  "hops": 6.153206516180876,
  "latency": 1.8105458618406038,
  "max_sybil": 0.16125722026805422,
  "primary_score": 0.6427639641348478,
  "profile": "profiles/aegis-domain-randomized-control-v1.json",
  "scenario_count": 5,
  "scenario_metrics": [
    {
      "delivery": 0.6476311909512844,
      "delivery_std": 0.048784251292877105,
      "drop": 0.3523688090487156,
      "drop_std": 0.04878425129287713,
      "generated": 741.0,
      "generated_std": 10.801234497346433,
      "hops": 6.153206516180876,
      "hops_std": 0.4267812643137889,
      "latency": 1.8105458618406038,
      "latency_std": 0.12059296469627237,
      "pps": 24.7,
      "pps_std": 0.36004114991154873,
      "risk": 0.24879574370001895,
      "risk_std": 0.0017752389562270211,
      "scenario": "n120_d6_s08_t36",
      "score": 0.5132584958807302,
      "score_std": 0.05087317014613743,
      "sybil": 0.11423581416568264,
      "sybil_std": 0.004151248277694185,
      "target_hits": 4,
      "wall_pps": 475.6233079568963,
      "wall_pps_std": 9.24946070474469
    },
    {
      "delivery": 0.5867934383622707,
      "delivery_std": 0.018699195441040366,
      "drop": 0.41320656163772923,
      "drop_std": 0.018699195441040376,
      "generated": 725.0,
      "generated_std": 17.378147196982766,
      "hops": 6.065365338267942,
      "hops_std": 0.30823303465267254,
      "latency": 1.8467749578655988,
      "latency_std": 0.09024894238932882,
      "pps": 24.166666666666668,
      "pps_std": 0.5792715732327582,
      "risk": 0.2583683267945385,
      "risk_std": 0.009076748375958957,
      "scenario": "n120_d6_s10_t36",
      "score": 0.41711108194095864,
      "score_std": 0.022716322102721488,
      "sybil": 0.1429283669242058,
      "sybil_std": 0.002989289813842206,
      "target_hits": 3,
      "wall_pps": 475.3766723934337,
      "wall_pps_std": 32.37287985436585
    },
    {
      "delivery": 0.5705874112655284,
      "delivery_std": 0.025976918615291365,
      "drop": 0.4294125887344717,
      "drop_std": 0.025976918615291365,
      "generated": 561.6666666666666,
      "generated_std": 14.29063407348401,
      "hops": 5.697696510569811,
      "hops_std": 0.33592085737697464,
      "latency": 1.8546882861100549,
      "latency_std": 0.1689581261404099,
      "pps": 20.05952380952381,
      "pps_std": 0.5103797883387147,
      "risk": 0.268885021586255,
      "risk_std": 0.0058685723986483885,
      "scenario": "n80_d4_s10_t30",
      "score": 0.37684845593355076,
      "score_std": 0.039778822444988544,
      "sybil": 0.16125722026805422,
      "sybil_std": 0.015648713302676278,
      "target_hits": 2,
      "wall_pps": 733.0259751443629,
      "wall_pps_std": 61.53217069078831
    },
    {
      "delivery": 0.514150838102118,
      "delivery_std": 0.013584842861130833,
      "drop": 0.485849161897882,
      "drop_std": 0.013584842861130816,
      "generated": 639.6666666666666,
      "generated_std": 27.35365098523819,
      "hops": 7.310047572558027,
      "hops_std": 0.2465743653286944,
      "latency": 2.286794563615892,
      "latency_std": 0.12558581853167014,
      "pps": 22.845238095238095,
      "pps_std": 0.9769161066156498,
      "risk": 0.29093823161679155,
      "risk_std": 0.009529671878748692,
      "scenario": "n200_d6_s08_t36",
      "score": 0.3676835906321784,
      "score_std": 0.0048111434603035595,
      "sybil": 0.11112756937538947,
      "sybil_std": 0.011558782795477972,
      "target_hits": 3,
      "wall_pps": 427.09583255839334,
      "wall_pps_std": 22.207962120221502
    },
    {
      "delivery": 0.6408667989651348,
      "delivery_std": 0.014029767363396567,
      "drop": 0.3591332010348653,
      "drop_std": 0.014029767363396523,
      "generated": 885.0,
      "generated_std": 13.92838827718412,
      "hops": 5.132459137977619,
      "hops_std": 0.19205636275266907,
      "latency": 1.4776492468413818,
      "latency_std": 0.03423317842525165,
      "pps": 31.607142857142858,
      "pps_std": 0.49744243847086095,
      "risk": 0.21994625864263265,
      "risk_std": 0.007918812614194203,
      "scenario": "n120_d8_s10_t48",
      "score": 0.5034877307432584,
      "score_std": 0.01867946961601553,
      "sybil": 0.12347289097553264,
      "sybil_std": 0.004302362067043788,
      "target_hits": 4,
      "wall_pps": 485.20595324817583,
      "wall_pps_std": 10.921551844327762
    }
  ],
  "score": 0.6427639641348478,
  "seed_count": 3,
  "sybil": 0.13060437234177297,
  "sybil_std": 0.01891883455972894
}
