{
  "context_penalty": 0.5,
  "delivery": 0.5921056422672378,
  "delivery_std": 0.04679825450977077,
  "drop": 0.4078943577327622,
  "max_sybil": 0.13631000812826707,
  "scenario_metrics": [
    {
      "delivery": 0.642877193622034,
      "delivery_std": 0.023985353379143627,
      "drop": 0.357122806377966,
      "drop_std": 0.023985353379143627,
      "generated": 754.6666666666666,
      "generated_std": 40.827550610940264,
      "hops": 6.028665489238726,
      "hops_std": 0.39895549767308675,
      "latency": 1.763467564105088,
      "latency_std": 0.1454748908436356,
      "pps": 25.155555555555555,
      "pps_std": 1.3609183536980083,
      "risk": 0.2453049428535705,
      "risk_std": 0.005282606489499306,
      "scenario": "n120_d6_s08_t36",
      "score": 0.5158902697353684,
      "score_std": 0.03088032701214048,
      "sybil": 0.10683019880442446,
      "sybil_std": 0.00531042026203316,
      "target_hits": 4,
      "wall_pps": 472.8683725135528,
      "wall_pps_std": 46.215393590630896
    },
    {
      "delivery": 0.5968129518612488,
      "delivery_std": 0.014679867155202206,
      "drop": 0.40318704813875117,
      "drop_std": 0.014679867155202232,
      "generated": 729.3333333333334,
      "generated_std": 11.55662388223981,
      "hops": 6.140572510758125,
      "hops_std": 0.2660691308022331,
      "latency": 1.8677232575289595,
      "latency_std": 0.12685067212219425,
      "pps": 24.31111111111111,
      "pps_std": 0.3852207960746611,
      "risk": 0.2566618721797212,
      "risk_std": 0.0014111925781979337,
      "scenario": "n120_d6_s10_t36",
      "score": 0.43985548329088237,
      "score_std": 0.018564155280527867,
      "sybil": 0.1313498748676025,
      "sybil_std": 0.017506737205425074,
      "target_hits": 3,
      "wall_pps": 447.50125774698915,
      "wall_pps_std": 21.57675483527163
    },
    {
      "delivery": 0.5770888848693023,
      "delivery_std": 0.024424932342574368,
      "drop": 0.4229111151306977,
      "drop_std": 0.024424932342574344,
      "generated": 565.0,
      "generated_std": 14.445299120013633,
      "hops": 5.6839410618048385,
      "hops_std": 0.23433731012678247,
      "latency": 1.8437233155083268,
      "latency_std": 0.18632496579529487,
      "pps": 20.178571428571427,
      "pps_std": 0.5159035400004869,
      "risk": 0.26571514303478744,
      "risk_std": 0.0016674689721077889,
      "scenario": "n80_d4_s10_t30",
      "score": 0.40906633665653686,
      "score_std": 0.029911648625787945,
      "sybil": 0.13631000812826707,
      "sybil_std": 0.003079304872632116,
      "target_hits": 3,
      "wall_pps": 640.5978609116428,
      "wall_pps_std": 35.28168607621292
    },
    {
      "delivery": 0.5114329656766522,
      "delivery_std": 0.006993923896052333,
      "drop": 0.48856703432334775,
      "drop_std": 0.006993923896052333,
      "generated": 644.3333333333334,
      "generated_std": 19.189117286165672,
      "hops": 7.210890606351701,
      "hops_std": 0.14408034096017266,
      "latency": 2.2571135465621714,
      "latency_std": 0.07651932434090972,
      "pps": 23.011904761904763,
      "pps_std": 0.6853256173630605,
      "risk": 0.2862436893518126,
      "risk_std": 0.009306425189856029,
      "scenario": "n200_d6_s08_t36",
      "score": 0.36431755837301705,
      "score_std": 0.009103840877631242,
      "sybil": 0.11167060863320517,
      "sybil_std": 0.008182548624098606,
      "target_hits": 3,
      "wall_pps": 404.7540448510689,
      "wall_pps_std": 11.197586372167724
    },
    {
      "delivery": 0.6323162153069516,
      "delivery_std": 0.018629943043152634,
      "drop": 0.3676837846930484,
      "drop_std": 0.018629943043152634,
      "generated": 875.6666666666666,
      "generated_std": 6.018490028422596,
      "hops": 5.34478760701054,
      "hops_std": 0.0749407527819174,
      "latency": 1.5399884304720761,
      "latency_std": 0.013091983286245303,
      "pps": 31.273809523809526,
      "pps_std": 0.2149460724436646,
      "risk": 0.2215259977622486,
      "risk_std": 0.013745837025038109,
      "scenario": "n120_d8_s10_t48",
      "score": 0.4969704168684711,
      "score_std": 0.029376270128174394,
      "sybil": 0.12025122949298521,
      "sybil_std": 0.009353668663653022,
      "target_hits": 4,
      "wall_pps": 462.1380756280885,
      "wall_pps_std": 20.298419938877867
    }
  ],
  "score": 0.6572815041890337,
  "sybil": 0.12128238398529688,
  "sybil_std": 0.011220508202002332
}
