{
  "delivery": 0.5944323639791433,
  "delivery_std": 0.044605519510704475,
  "drop": 0.4055676360208566,
  "hops": 5.860529556650246,
  "latency": 1.7127482700626706,
  "max_sybil": 0.13653413436615058,
  "primary_score": 0.6744052749491437,
  "profile": "profiles/aegis-domain-randomized-curriculum-v1.json",
  "scenario_count": 5,
  "scenario_metrics": [
    {
      "delivery": 0.638178477207318,
      "delivery_std": 0.021532396429751362,
      "drop": 0.361821522792682,
      "drop_std": 0.021532396429751334,
      "generated": 734.0,
      "generated_std": 20.83266665599966,
      "hops": 5.860529556650246,
      "hops_std": 0.25270561358321053,
      "latency": 1.7127482700626706,
      "latency_std": 0.08869449246220235,
      "pps": 24.466666666666665,
      "pps_std": 0.6944222218666558,
      "risk": 0.24000630644941454,
      "risk_std": 0.009580435440302345,
      "scenario": "n120_d6_s08_t36",
      "score": 0.5147078934109295,
      "score_std": 0.0240869953991501,
      "sybil": 0.10215509818378692,
      "sybil_std": 0.0011070648779899466,
      "target_hits": 4,
      "wall_pps": 454.0628349400376,
      "wall_pps_std": 33.38623799150503
    },
    {
      "delivery": 0.5975363659025374,
      "delivery_std": 0.010220871159741681,
      "drop": 0.4024636340974625,
      "drop_std": 0.010220871159741664,
      "generated": 731.0,
      "generated_std": 17.146428199482248,
      "hops": 5.977401643097457,
      "hops_std": 0.3958299942121394,
      "latency": 1.8315120912392724,
      "latency_std": 0.08957016892556609,
      "pps": 24.366666666666667,
      "pps_std": 0.5715476066494086,
      "risk": 0.2528983739537411,
      "risk_std": 0.009743967531717246,
      "scenario": "n120_d6_s10_t36",
      "score": 0.4460938964363265,
      "score_std": 0.0041163499094119685,
      "sybil": 0.1259627727231314,
      "sybil_std": 0.006748732672154388,
      "target_hits": 3,
      "wall_pps": 445.6293029142326,
      "wall_pps_std": 16.877014040178267
    },
    {
      "delivery": 0.5689530958430882,
      "delivery_std": 0.03825000164401995,
      "drop": 0.4310469041569118,
      "drop_std": 0.03825000164401993,
      "generated": 549.6666666666666,
      "generated_std": 4.714045207910317,
      "hops": 5.626984550339814,
      "hops_std": 0.3171745352235577,
      "latency": 1.810767069626352,
      "latency_std": 0.19079549676818547,
      "pps": 19.63095238095238,
      "pps_std": 0.1683587574253687,
      "risk": 0.2611287252353509,
      "risk_std": 0.005383472537170801,
      "scenario": "n80_d4_s10_t30",
      "score": 0.39934522344219875,
      "score_std": 0.047412351859297965,
      "sybil": 0.13653413436615058,
      "sybil_std": 0.013067612757783459,
      "target_hits": 3,
      "wall_pps": 604.5473370273482,
      "wall_pps_std": 50.73871506853356
    },
    {
      "delivery": 0.5239666972979216,
      "delivery_std": 0.017430642148161743,
      "drop": 0.4760333027020784,
      "drop_std": 0.017430642148161715,
      "generated": 642.6666666666666,
      "generated_std": 24.225789747475496,
      "hops": 7.5552779378811525,
      "hops_std": 0.2242461135167912,
      "latency": 2.34638161544669,
      "latency_std": 0.12104247243908202,
      "pps": 22.952380952380953,
      "pps_std": 0.8652067766955536,
      "risk": 0.2921330348016883,
      "risk_std": 0.009077219848626432,
      "scenario": "n200_d6_s08_t36",
      "score": 0.38875719320446006,
      "score_std": 0.008502612880777726,
      "sybil": 0.10095855477563465,
      "sybil_std": 0.010787599135109226,
      "target_hits": 3,
      "wall_pps": 397.4442018745296,
      "wall_pps_std": 20.88850271616814
    },
    {
      "delivery": 0.6435271836448517,
      "delivery_std": 0.02845310038606997,
      "drop": 0.3564728163551483,
      "drop_std": 0.028453100386069952,
      "generated": 873.6666666666666,
      "generated_std": 19.871811414385174,
      "hops": 5.186333218626716,
      "hops_std": 0.117995347613062,
      "latency": 1.5036963183758478,
      "latency_std": 0.027862729776346913,
      "pps": 31.202380952380953,
      "pps_std": 0.7097075505137582,
      "risk": 0.22437328465340203,
      "risk_std": 0.015575686006541292,
      "scenario": "n120_d8_s10_t48",
      "score": 0.4979559000981982,
      "score_std": 0.035480765162745266,
      "sybil": 0.13152638286351961,
      "sybil_std": 0.0053072067237208255,
      "target_hits": 4,
      "wall_pps": 453.4967889848276,
      "wall_pps_std": 15.030565705871979
    }
  ],
  "score": 0.6744052749491437,
  "seed_count": 3,
  "sybil": 0.11942738858244463,
  "sybil_std": 0.014974428186660733
}
