{
  "context_penalty": 0.1,
  "delivery": 0.6009661040926652,
  "delivery_std": 0.04845791567400976,
  "drop": 0.39903389590733485,
  "max_sybil": 0.15162738055756153,
  "scenario_metrics": [
    {
      "delivery": 0.6520149379058885,
      "delivery_std": 0.034307258720461864,
      "drop": 0.34798506209411156,
      "drop_std": 0.034307258720461836,
      "generated": 748.3333333333334,
      "generated_std": 16.679994670929073,
      "hops": 6.108393646193721,
      "hops_std": 0.3767304602674839,
      "latency": 1.792785967522961,
      "latency_std": 0.13028637560085957,
      "pps": 24.944444444444446,
      "pps_std": 0.555999822364302,
      "risk": 0.24617755374135394,
      "risk_std": 0.0037100201756199657,
      "scenario": "n120_d6_s08_t36",
      "score": 0.5203110120253662,
      "score_std": 0.03394747910316428,
      "sybil": 0.1122498641155555,
      "sybil_std": 0.003982941747689325,
      "target_hits": 4,
      "wall_pps": 465.6759636218427,
      "wall_pps_std": 29.448081474029795
    },
    {
      "delivery": 0.593012814100752,
      "delivery_std": 0.01637477172117792,
      "drop": 0.406987185899248,
      "drop_std": 0.016374771721177944,
      "generated": 706.3333333333334,
      "generated_std": 25.772509040103607,
      "hops": 6.270750919299862,
      "hops_std": 0.2717413940993736,
      "latency": 1.8982922927591426,
      "latency_std": 0.1292197110212161,
      "pps": 23.544444444444444,
      "pps_std": 0.8590836346701203,
      "risk": 0.2627009190554058,
      "risk_std": 0.004045478541064604,
      "scenario": "n120_d6_s10_t36",
      "score": 0.43368271461353736,
      "score_std": 0.01630898867539495,
      "sybil": 0.13257582534173434,
      "sybil_std": 0.012006441420272488,
      "target_hits": 3,
      "wall_pps": 428.95209191045643,
      "wall_pps_std": 29.605702048673262
    },
    {
      "delivery": 0.5829233347976953,
      "delivery_std": 0.0306346127967055,
      "drop": 0.41707666520230474,
      "drop_std": 0.030634612796705468,
      "generated": 540.6666666666666,
      "generated_std": 16.438437341250605,
      "hops": 5.847357889024556,
      "hops_std": 0.33510998717999607,
      "latency": 1.8965662888759482,
      "latency_std": 0.19023160832751657,
      "pps": 19.30952380952381,
      "pps_std": 0.5870870479018081,
      "risk": 0.26614426412148895,
      "risk_std": 0.004459597757226197,
      "scenario": "n80_d4_s10_t30",
      "score": 0.3992978115294271,
      "score_std": 0.05332734226904154,
      "sybil": 0.15162738055756153,
      "sybil_std": 0.019079761012176785,
      "target_hits": 3,
      "wall_pps": 609.0121111754396,
      "wall_pps_std": 24.271943500344893
    },
    {
      "delivery": 0.5235080318737035,
      "delivery_std": 0.01747712819722344,
      "drop": 0.4764919681262964,
      "drop_std": 0.017477128197223458,
      "generated": 659.6666666666666,
      "generated_std": 19.258475767539053,
      "hops": 7.591500313794923,
      "hops_std": 0.07700157724520279,
      "latency": 2.384476012839364,
      "latency_std": 0.11091195841301033,
      "pps": 23.55952380952381,
      "pps_std": 0.6878027059835384,
      "risk": 0.28806344565203734,
      "risk_std": 0.007035478083338453,
      "scenario": "n200_d6_s08_t36",
      "score": 0.3754851099715631,
      "score_std": 0.013692724127432984,
      "sybil": 0.11433324889903464,
      "sybil_std": 0.014606270391474548,
      "target_hits": 3,
      "wall_pps": 416.52896365009224,
      "wall_pps_std": 9.769621960678618
    },
    {
      "delivery": 0.6533714017852865,
      "delivery_std": 0.03173602131207374,
      "drop": 0.34662859821471353,
      "drop_std": 0.031736021312073766,
      "generated": 861.3333333333334,
      "generated_std": 17.594190960528863,
      "hops": 5.1234776134000946,
      "hops_std": 0.2083207825187162,
      "latency": 1.4988154845360881,
      "latency_std": 0.05932481233449556,
      "pps": 30.761904761904763,
      "pps_std": 0.628363962876031,
      "risk": 0.21707472619518275,
      "risk_std": 0.012432736185221054,
      "scenario": "n120_d8_s10_t48",
      "score": 0.5169344260490628,
      "score_std": 0.03416994918224928,
      "sybil": 0.12293602067665707,
      "sybil_std": 0.0067470197537871195,
      "target_hits": 4,
      "wall_pps": 438.0899697886556,
      "wall_pps_std": 8.666564596421575
    }
  ],
  "score": 0.6649435503090938,
  "sybil": 0.12674446791810862,
  "sybil_std": 0.014365237472092491
}
