{
  "context_penalty": 0.2,
  "delivery": 0.5980039477387905,
  "delivery_std": 0.049968344463558335,
  "drop": 0.40199605226120955,
  "max_sybil": 0.1396421793210526,
  "scenario_metrics": [
    {
      "delivery": 0.64694132217241,
      "delivery_std": 0.041318255927857137,
      "drop": 0.35305867782759004,
      "drop_std": 0.04131825592785715,
      "generated": 748.0,
      "generated_std": 30.40833219146796,
      "hops": 6.061223807901409,
      "hops_std": 0.49651925035642014,
      "latency": 1.7513752181734386,
      "latency_std": 0.17010962358748125,
      "pps": 24.933333333333334,
      "pps_std": 1.0136110730489323,
      "risk": 0.24897166492414471,
      "risk_std": 0.005638149964184176,
      "scenario": "n120_d6_s08_t36",
      "score": 0.5202208501092684,
      "score_std": 0.04991873328295296,
      "sybil": 0.10674793761371583,
      "sybil_std": 0.005975383769762784,
      "target_hits": 4,
      "wall_pps": 435.0014596954191,
      "wall_pps_std": 15.543393422815944
    },
    {
      "delivery": 0.5870291598718836,
      "delivery_std": 0.010502334370364984,
      "drop": 0.4129708401281164,
      "drop_std": 0.010502334370364984,
      "generated": 710.3333333333334,
      "generated_std": 34.96982826507572,
      "hops": 6.0669979969693,
      "hops_std": 0.2939083171300463,
      "latency": 1.831294741537456,
      "latency_std": 0.07692741359569243,
      "pps": 23.677777777777777,
      "pps_std": 1.1656609421691901,
      "risk": 0.2564211801800884,
      "risk_std": 0.00842619319196526,
      "scenario": "n120_d6_s10_t36",
      "score": 0.42452478460848536,
      "score_std": 0.007913114669009022,
      "sybil": 0.13528506902836446,
      "sybil_std": 0.007050330552294295,
      "target_hits": 3,
      "wall_pps": 424.61336421645893,
      "wall_pps_std": 8.675636237208181
    },
    {
      "delivery": 0.5746099597014169,
      "delivery_std": 0.025695097350411974,
      "drop": 0.425390040298583,
      "drop_std": 0.025695097350411988,
      "generated": 568.6666666666666,
      "generated_std": 16.73983937265296,
      "hops": 5.904660579810993,
      "hops_std": 0.408102236023796,
      "latency": 1.9210584978635843,
      "latency_std": 0.21993418403067766,
      "pps": 20.30952380952381,
      "pps_std": 0.5978514061661768,
      "risk": 0.2693934903501485,
      "risk_std": 0.0010526320499365137,
      "scenario": "n80_d4_s10_t30",
      "score": 0.40598803469856287,
      "score_std": 0.038072360931025666,
      "sybil": 0.13679244478251962,
      "sybil_std": 0.012775447590726005,
      "target_hits": 3,
      "wall_pps": 648.8689583718634,
      "wall_pps_std": 19.0295927553175
    },
    {
      "delivery": 0.5224720699488834,
      "delivery_std": 0.028739229364968172,
      "drop": 0.4775279300511166,
      "drop_std": 0.02873922936496817,
      "generated": 669.0,
      "generated_std": 6.97614984548545,
      "hops": 7.591364635229497,
      "hops_std": 0.1736220291814423,
      "latency": 2.35095705305636,
      "latency_std": 0.053155182988359424,
      "pps": 23.892857142857142,
      "pps_std": 0.2491482087673377,
      "risk": 0.28879599582101184,
      "risk_std": 0.00969021448982302,
      "scenario": "n200_d6_s08_t36",
      "score": 0.3847763560699669,
      "score_std": 0.022924288862139208,
      "sybil": 0.10423577801666202,
      "sybil_std": 0.011874447177258622,
      "target_hits": 3,
      "wall_pps": 421.1313445998204,
      "wall_pps_std": 19.54015615451314
    },
    {
      "delivery": 0.6589672269993584,
      "delivery_std": 0.01164069611297561,
      "drop": 0.34103277300064155,
      "drop_std": 0.011640696112975654,
      "generated": 895.0,
      "generated_std": 19.30457631409368,
      "hops": 5.277568952890454,
      "hops_std": 0.06661329633938749,
      "latency": 1.5297196082904325,
      "latency_std": 0.031242513270522763,
      "pps": 31.96428571428571,
      "pps_std": 0.6894491540747733,
      "risk": 0.2256864101096547,
      "risk_std": 0.013705977325696277,
      "scenario": "n120_d8_s10_t48",
      "score": 0.5075860560925274,
      "score_std": 0.03159838883015714,
      "sybil": 0.1396421793210526,
      "sybil_std": 0.01991934059138489,
      "target_hits": 4,
      "wall_pps": 465.9016704715417,
      "wall_pps_std": 9.771600070357374
    }
  ],
  "score": 0.6699921236309261,
  "sybil": 0.12454068175246291,
  "sybil_std": 0.015636327214537303
}
