{
  "name": "aegis-cvar-candidate-2",
  "objective": "offline dev-only CVaR selection; official B_dev remains unchanged",
  "params": {
    "adapt_step": 0.01012630759787903,
    "bandwidth_weight": 0.6991045439746605,
    "drop_threshold": 0.4007132079687583,
    "edge_penalty": 1.0960155935954863,
    "latency_weight": 6.0,
    "learned_penalty": 12.818417201501303,
    "loop_penalty": 11.116835863791396,
    "loss_weight": 66.73797161416358,
    "low_ttl_penalty": 3.6454759352383554,
    "max_budget": 0.7120371896868728,
    "min_budget": 0.08970934831827757,
    "progress_weight": 6.036253696446586,
    "reputation_decay": 0.7513241973989813,
    "reputation_penalty": 1.1694945118230116,
    "risk_budget": 0.20250130126823557,
    "solver": "edge",
    "stability_weight": 0.6348247321553834,
    "sybil_threshold": 0.2425112459004924,
    "window_size": 32
  },
  "source_run": "runs/refine_edge_global_v2/stage2_results.csv",
  "source_candidate_id": 5698,
  "selection_metrics": {
    "selection_score": 0.2784652806782426,
    "cvar_score_low40": 0.3846132172074579,
    "cvar_delivery_low40": 0.5362172969056114,
    "cvar_sybil_high40": 0.12819009266488113,
    "dev_score_mean": 0.4417109453378315,
    "dev_score_std": 0.05374812343789466,
    "dev_delivery_mean": 0.5857014068280899,
    "dev_sybil_mean": 0.11727754818392773,
    "dev_sybil_max": 0.12898271993782526
  }
}
