{
  "name": "aegis-cvar-candidate-5",
  "objective": "offline dev-only CVaR selection; official B_dev remains unchanged",
  "params": {
    "adapt_step": 0.008949293658186638,
    "bandwidth_weight": 0.883622979866159,
    "drop_threshold": 0.3494184648075089,
    "edge_penalty": 0.43778114865019824,
    "latency_weight": 5.3609873553318295,
    "learned_penalty": 8.780213582404127,
    "loop_penalty": 9.640335326603621,
    "loss_weight": 54.63553399385486,
    "low_ttl_penalty": 2.7635574038548376,
    "max_budget": 0.6541478370275828,
    "min_budget": 0.05909950765289472,
    "progress_weight": 5.508033828288475,
    "reputation_decay": 0.710741481322624,
    "reputation_penalty": 1.055382952659965,
    "risk_budget": 0.17088895198521756,
    "solver": "edge",
    "stability_weight": 1.7526517588572261,
    "sybil_threshold": 0.32210377605473683,
    "window_size": 32
  },
  "source_run": "runs/refine_edge_global_v2/stage2_results.csv",
  "source_candidate_id": 4679,
  "selection_metrics": {
    "selection_score": 0.27813081603306666,
    "cvar_score_low40": 0.38973621548223064,
    "cvar_delivery_low40": 0.5474918346108505,
    "cvar_sybil_high40": 0.13699456931114418,
    "dev_score_mean": 0.44523616829199997,
    "dev_score_std": 0.056135068384881685,
    "dev_delivery_mean": 0.5941991440856088,
    "dev_sybil_mean": 0.12310535051963009,
    "dev_sybil_max": 0.138638026815297
  }
}
