{
  "name": "aegis-cvar-candidate-4",
  "objective": "offline dev-only CVaR selection; official B_dev remains unchanged",
  "params": {
    "adapt_step": 0.01679938837544604,
    "bandwidth_weight": 0.6697625346168529,
    "drop_threshold": 0.23623047773799105,
    "edge_penalty": 0.5073166830345975,
    "latency_weight": 6.0,
    "learned_penalty": 7.787698704108563,
    "loop_penalty": 7.877763735742386,
    "loss_weight": 44.52837451680966,
    "low_ttl_penalty": 2.8787620454281715,
    "max_budget": 0.6915735485087648,
    "min_budget": 0.08957236668406784,
    "progress_weight": 5.343392332880635,
    "reputation_decay": 0.7949863869594751,
    "reputation_penalty": 1.9645107316423358,
    "risk_budget": 0.16587544218110017,
    "solver": "edge",
    "stability_weight": 2.2121633983455347,
    "sybil_threshold": 0.1922904108551165,
    "window_size": 32
  },
  "source_run": "runs/refine_edge_global_v2/stage2_results.csv",
  "source_candidate_id": 11278,
  "selection_metrics": {
    "selection_score": 0.27822014105824366,
    "cvar_score_low40": 0.38508115969052975,
    "cvar_delivery_low40": 0.5450786334568802,
    "cvar_sybil_high40": 0.1332194365722927,
    "dev_score_mean": 0.43951730441003917,
    "dev_score_std": 0.05183383067709811,
    "dev_delivery_mean": 0.5882150639793893,
    "dev_sybil_mean": 0.12224569453871763,
    "dev_sybil_max": 0.13694289657468034
  }
}
