{
  "name": "aegis-cvar-candidate-6",
  "objective": "offline dev-only CVaR selection; official B_dev remains unchanged",
  "params": {
    "adapt_step": 0.009570168199827558,
    "bandwidth_weight": 0.6976474362692903,
    "drop_threshold": 0.36937714440399405,
    "edge_penalty": 0.5927722411968737,
    "latency_weight": 4.9382340887163005,
    "learned_penalty": 6.639214383501197,
    "loop_penalty": 12.176202611757152,
    "loss_weight": 73.81057403542809,
    "low_ttl_penalty": 2.39834861477639,
    "max_budget": 0.6621228919203406,
    "min_budget": 0.030324423102251204,
    "progress_weight": 6.3811643846342765,
    "reputation_decay": 0.7826624129883752,
    "reputation_penalty": 1.4287508646236957,
    "risk_budget": 0.14454926347213756,
    "solver": "edge",
    "stability_weight": 1.887025344037276,
    "sybil_threshold": 0.3551787746328572,
    "window_size": 32
  },
  "source_run": "runs/refine_edge_global_v2/stage2_results.csv",
  "source_candidate_id": 1188,
  "selection_metrics": {
    "selection_score": 0.2765929449130459,
    "cvar_score_low40": 0.38849088515665053,
    "cvar_delivery_low40": 0.553777612469539,
    "cvar_sybil_high40": 0.1416101446001739,
    "dev_score_mean": 0.4445564313625109,
    "dev_score_std": 0.05267053579487612,
    "dev_delivery_mean": 0.6005089138320968,
    "dev_sybil_mean": 0.13061291750358914,
    "dev_sybil_max": 0.14315881792272203
  }
}
